{"cameraMode":{"drawMode":0,"name":"Shaded","section":"Shading Mode"},"sceneLighting":true,"audioPlay":false,"sceneViewState":{"m_AlwaysRefresh":false,"showFog":true,"showSkybox":true,"showFlares":true,"showImageEffects":true,"showParticleSystems":true,"showVisualEffectGraphs":true,"m_FxEnabled":true},"in2DMode":false,"pivot":{"x":1.052596092224121,"y":-1.8536598682403565,"z":-6.2806854248046879},"rotation":{"x":-0.023916952311992646,"y":-0.37534835934638979,"z":0.009697284549474717,"w":-0.9265524744987488},"size":9.159952163696289,"orthographic":false}